globalId,sex,birthday,familyId
CFG583-01-A (525),Unknown,07/08/2023,87450
RVT795-01-A (142),Female,09/27/2018,82145
XQV573-01-A (143),Female,01/18/2019,83194
KDL739-01-N (429),Female,11/06/2018,87652
KGJ856-01-A (120),Male,08/02/2019,83879
TDS587-01-A (548),Female,06/11/2020,84052
LKX501-01-A (218),Male,09/14/2009,360
GSS927-01-N (990),Female,11/15/2016,5019
KRC117-01-A (822),Male,10/15/2018,80606
SQM567-01-A (680),Male,09/24/2015,1692
HJJ518-01-A (855),Male,01/22/2023,83607
PMY376-01-A (779),Female,02/13/2019,80929
CTX789-01-A (812),Male,03/07/2019,80619
LVX258-01-A (878),Female,05/10/2010,473
NTM103-01-A (152),Female,10/21/2012,686
NNM301-01-A (954),Female,11/08/2022,80625
FRJ675-01-A (185),Female,10/20/2022,81338
WZT862-01-A (274),Male,01/08/2015,1676
YHF868-01-A (482),Male,12/16/2011,579
BHJ759-01-A (822),Male,10/23/2021,86354
PZH655-01-A (647),Female,02/22/2020,89316
GFH183-01-M (966),Male,11/17/2011,662
SDH473-01-A (954),Female,05/23/2009,310
QYX270-01-A (944),Female,02/25/2019,88073
CSS863-01-A (383),Female,03/13/2017,6050
BDN943-01-A (657),,05/20/2019,87348
WWS790-01-A (142),Female,07/27/2022,83929
ZJF967-01-A (581),Female,08/23/2022,86235
MMN084-01-A (185),,07/19/2019,86962
YXC616-01-A (614),Female,08/29/2019,87804
VZC888-01-A,Female,01/18/2023,83925
RTW198-01-A (176),Female,01/23/2022,82389
PCG628-01-A (855),Male,08/09/2010,506
FNF959-01-A (186),Male,10/17/2018,86011
BQJ031-01-A (558),Male,02/09/2017,2121
KCT927-01-A (185),Male,08/09/2020,88029
JLR169-01-A (317),Male,07/27/2023,82097
XLV074-01-A (746),Female,04/28/2019,87379
RBR931-02-A (185),Male,04/29/2011,563
NCF401-01-N (835),Female,08/12/2016,3015
LMR839-01-A (548),Female,02/06/2023,87552
TTG223-01-A (251),Male,02/08/2019,82450
XXC335-01-A (515),Unknown,10/05/2022,84330
PBF223-01-A (492),Male,11/26/2012,1485
GVZ320-01-A (449),Female,02/11/2020,87596
TPC143-01-A (120),Male,11/18/2016,2104
NVS704-01-A (647),Female,10/12/2009,358
BHN151-01-A (492),Female,07/23/2021,89954
KWY202-01-A (548),Male,09/21/2011,638
JQC757-01-A (186),Female,04/17/2023,87641
TQQ027-01-A (548),Female,12/28/2019,89657
LKZ423-01-A (383),Male,02/13/2020,84335
QRD096-01-A (251),Female,11/23/2022,88931
TKF056-01-A (153),Unknown,12/28/2019,89939
BKX774-01-A (284),Male,01/19/2012,1407
ZRN359-01-A (944),Male,10/26/2019,84989
XVF774-01-A (779),Female,04/15/2018,81659
DFG495-01-A (624),Male,08/11/2023,80140
TVF938-01-A (713),Male,06/01/2023,88891
RXV106-01-A (812),Female,02/14/2019,82891
BPZ685-01-A (548),Female,05/20/2021,83612
CSG043-01-A (657),Female,06/13/2009,287
SDH473-02-A (987),Female,05/17/2010,439
HLZ294-01-A (482),Male,10/18/2022,86326
HSD339-01-A (987),Male,07/01/2020,82968
YYX721-01-N (683),,03/02/2023,89686
CRB612-01-A (525),,06/23/2023,84556
JNF576-01-A (153),Female,07/28/2009,386
BJH083-01-A (492),Male,01/14/2018,86055
WQC189-01-A (482),Male,01/09/2019,86320
NTG064-01-A (152),,01/24/2019,88291
XGC495-01-A (185),Male,07/20/2020,86166
QMF776-01-A (317),Unknown,07/10/2023,80071
JKT846-01-A (416),Female,08/03/2020,88876
NRN845-01-A (548),Male,12/22/2018,81808
YGY528-01-A (845),Male,04/06/2022,80510
SDT653-01-A (350),Female,01/29/2019,86505
GZM171-01-A (284),Male,05/29/2012,1406
SMJ584-01-A (416),Female,10/04/2019,80260
QTV353-01-A (779),Male,09/15/2011,661
TZR553-01-A (110),Female,08/20/2022,88166
YDD897-01-A (350),Female,10/03/2009,348
SSN103-01-A (317),Male,12/31/2018,82081
CSH696-01-A (152),Male,06/16/2010,434
JZP660-01-A (581),Female,08/20/2022,83633
PLV393-01-A (614),Male,11/03/2010,543
QCQ304-01-A (921),Male,11/26/2021,83459
RDJ491-01-A (987),Female,09/22/2009,351
XSQ553-01-A (878),Female,10/27/2022,89826
RLQ120-01-A (119),Female,12/16/2021,83374
LYQ721-01-A (581),Female,09/16/2008,72
CLH233-01-A (492),Male,01/12/2019,85674
LJD696-01-A (120),Female,01/31/2023,89811
SSX741-01-A (911),Male,03/09/2019,80835
JJK068-01-A (954),Male,01/04/2023,84105
BBQ772-01-A (690),,12/09/2018,83582
VWT853-01-A (142),Male,03/17/2022,84647
ZWG279-01-A (911),Male,02/08/2022,83406
HVB288-01-A (119),Male,05/25/2022,81785
WFY450-01-A (548),Male,09/02/2019,89784
ZBF912-01-A (987),Male,09/22/2016,2057
RRN145-01-A (449),Male,01/26/2013,1511
YSY780-01-A (241),Male,01/06/2022,86605
HKC783-01-A (789),Female,10/03/2022,88091
MBB404-01-A (294),Female,06/09/2022,87648
QHS047-01-A (284),Male,10/09/2016,3025
MCV334-01-A (153),Male,06/27/2023,87429
QHC177-01-A (888),Female,04/23/2020,82588
WLB161-01-A (954),Female,05/05/2019,85465
PSK314-01-A (251),Female,06/11/2021,82819
BTM175-01-A (153),Female,05/13/2019,82077
QKY801-01-A (515),,01/10/2022,82875
VKK892-01-A (548),Female,10/22/2016,6037
WBF935-01-A (153),Female,06/03/2011,577
VFY142-01-A (449),Male,01/25/2022,82067
VQX210-01-A (647),Female,09/26/2019,86414
DZJ183-01-A (185),Female,02/03/2015,1686
TLS032-01-A (317),Male,09/07/2013,1608
XVL743-01-A (845),Male,08/24/2018,84513
DNW140-01-A (987),Male,12/19/2016,5018
WCZ411-01-A (383),Female,05/23/2021,81471
ZFG815-01-A (218),Female,12/01/2008,57
NYZ677-01-A (274),Female,12/30/2012,1521
KDD005-01-A (261),Male,01/25/2019,82773
PGQ393-01-A (284),Female,12/27/2022,87234
CCX293-01-A (921),Male,10/07/2016,3057
QJJ178-01-A (218),Male,04/03/2019,80934
GNT905-01-A (284),Female,10/10/2014,1547
VGK107-01-A (153),,07/14/2022,86552
VKK224-01-A (185),Female,04/10/2020,85582
VNC365-01-A (218),Female,06/18/2022,83232
YCX311-01-A (350),Male,11/30/2022,85607
BXR294-01-A (416),Female,11/05/2010,550
FYN107-01-A (218),Female,09/23/2022,84024
ZFT994-01-A (911),Female,03/16/2020,82148
NSY520-01-A (614),Female,11/17/2008,94
LWN054-01-M (791),Male,08/23/2016,3012
QHS680-01-A (383),Male,12/15/2018,80259
WXD665-01-A (713),Female,08/25/2018,88142
MLW298-01-A (680),Female,09/16/2022,82423
VXG338-01-A (680),Male,01/15/2019,80243
MCY712-01-A (152),Male,05/06/2010,450
TWT305-01-A (812),Male,09/05/2018,85208
MLG277-01-A (153),Male,10/13/2022,83880
VBC946-01-A (987),Female,06/13/2023,87054
FTT082-01-A (317),Male,08/02/2012,1463
HFR891-01-A (119),Female,03/04/2021,82248
RDT215-01-A (119),Female,11/28/2018,88317
CWL870-01-A (218),Female,12/27/2018,88324
ZVV604-01-A (109),Male,10/30/2017,3145
VDF655-01-A (153),Female,07/31/2021,82660
SGF997-01-A (350),Female,01/07/2016,1666
TBK288-01-A (152),Male,03/12/2010,462
WGX824-01-A (713),Unknown,12/17/2018,88715
NKJ118-01-A (954),Female,10/15/2019,83749
ZBP753-01-A (416),Male,03/28/2019,84812
JYK203-01-A (152),Male,08/21/2016,2021
YCS424-01-A (350),Female,11/08/2018,88313
CZY990-01-A (845),Female,04/04/2019,87370
GBG325-01-A (327),Male,02/21/2010,319
FYD165-01-A (120),Unknown,08/10/2022,87493
CVH085-01-A (987),Male,01/12/2019,81972
VWX418-01-A (175),Male,11/09/2022,84075
KXY174-01-A (845),Male,09/05/2012,658
MWH956-01-A (581),Male,03/15/2013,1528
JFP288-01-A (119),Male,07/24/2019,82381
WHW151-01-A (482),Female,04/25/2010,472
TKR446-01-A (548),Unknown,06/26/2023,83806
KNB361-01-A (690),,05/06/2023,85917
MYJ673-01-A (581),Female,12/19/2018,89649
ZJC165-01-A (152),Male,02/21/2020,82766
PWH961-01-A (548),Female,06/03/2022,81367
KJJ524-01-M (263),Female,10/09/2019,84501
CFH453-02-A (459),Male,10/30/2014,1594
FNS996-01-A (548),Male,09/02/2011,590
XKF863-01-A (383),Male,12/04/2013,1565
HRF525-01-A (921),Female,01/09/2013,1581
ZVX093-01-A (241),,05/29/2023,85082
THB435-01-A (855),Female,12/03/2018,83228
QZP255-01-A (812),Female,03/01/2019,86307
CCN848-01-A (789),Male,08/30/2009,391
BGT851-01-A (888),Female,03/13/2019,83431
PPS994-01-A (878),Male,12/21/2011,693
XCN280-01-A (152),Male,06/12/2009,306
XRP136-01-A (713),Male,03/18/2010,437
MXB539-01-A (317),Female,12/31/2018,82704
GWP690-01-A (482),Female,07/06/2013,1568
GRD367-01-A (954),Female,01/29/2019,85860
RBX179-01-A (482),Male,08/26/2018,87440
QNX355-01-A (713),Female,01/13/2020,85668
HKF151-02-A (558),Female,03/04/2014,1616
VPX270-01-A (812),Female,05/18/2018,85167
XFN825-01-A (416),Female,12/08/2011,1491
FQL745-01-M (560),Male,06/30/2022,86243
LTH030-01-A (888),Male,04/27/2019,88364
WXH022-01-A (416),Male,02/10/2020,81110
BSD728-01-A (855),Male,02/08/2018,85400
FZV019-01-A (581),Male,04/11/2019,85885
WSX337-01-A (176),Male,04/01/2022,86411
THW375-01-A (647),Male,02/07/2015,1653
NBM719-01-A (987),Female,08/17/2020,87815
MBC594-01-A (657),Female,03/13/2023,83818
XCT053-01-A (284),Male,07/02/2023,86069
NJJ317-01-A (954),Female,02/28/2022,83529
JTM922-01-A (317),Male,12/21/2022,84041
GQT206-01-A (185),Female,01/08/2020,81276
VQF882-01-A (548),Female,06/14/2023,89648
HQQ126-01-A (152),Male,11/30/2018,83653
XZN379-01-A (208),Male,12/09/2021,80577
FVR293-01-A (449),Male,01/20/2022,84725
VVJ565-01-A (779),Male,05/02/2022,81349
BPT625-01-A (152),Male,11/15/2018,89962
MDJ869-01-A (119),Female,03/07/2018,82388
WVD031-01-A (218),Female,03/12/2019,87038
SMW687-01-A (977),Female,12/26/2019,87405
HCC059-01-A (393),Female,08/18/2008,51
CKV256-01-A (186),Male,07/29/2020,83493
NJZ485-01-A (680),Male,06/28/2019,86793
GMF883-01-A (954),Female,02/04/2019,87691
GWS157-01-A (515),Male,09/20/2016,3007
GSS927-01-M (956),Male,11/15/2016,5019
MHK461-01-A (888),Female,04/30/2011,570
MFH967-01-A (186),Male,04/06/2022,85512
MMQ065-01-A (251),Male,07/27/2022,85737
ZSF135-01-A (449),Male,01/24/2017,2120
NZV016-01-A (746),Male,06/18/2018,88802
BLK085-01-A (723),Female,12/30/2018,83503
YTY353-01-A (142),Female,09/11/2020,88430
PJV818-01-A (614),Male,09/03/2022,82460
HZD623-01-A (186),Male,01/21/2010,418
WPX155-01-A (911),Female,08/13/2019,85861
SKD083-01-A (954),Male,02/25/2022,84698
NJD131-01-A (558),Female,10/26/2016,2112
WDV681-02-A (614),Female,02/05/2014,585
HCG894-01-A (756),Female,10/15/2018,88147
DVX295-01-A (647),Male,09/25/2018,84801
GHT947-01-A (284),Female,11/17/2022,83553
XHP409-01-A (482),Male,10/09/2016,3064
QDX581-01-A (416),Male,10/10/2018,87625
GSQ220-01-A (120),Female,05/23/2010,459
TWT195-01-A (143),Female,03/19/2019,82476
WBH589-01-A (284),Female,11/02/2010,519
JWB772-01-A (152),Female,06/10/2021,81952
VCY263-01-A (482),Female,12/02/2022,81925
HSG314-01-A (855),Female,12/24/2019,89831
HMP636-01-A (185),Female,04/13/2019,81711
HFH794-01-A (855),Female,12/08/2018,89307
BQZ289-01-A (581),Female,07/24/2018,89820
QXX395-01-A (175),Male,05/17/2019,87475
YKL878-01-A (812),Male,05/27/2020,88709
FLG196-01-A (822),Male,11/17/2018,85345
CLH650-01-A (591),Female,11/07/2018,82213
FHF958-01-A (855),Female,02/03/2010,406
GSS745-01-A (482),Female,07/13/2019,84509
VWC247-01-A (482),Male,10/17/2018,86542
KJX877-01-A (680),Female,11/13/2009,388
DDC920-01-A (195),Female,10/13/2018,86041
QHM041-01-A (888),Female,11/26/2018,81313
PXZ071-01-A (911),Female,06/23/2022,83675
LMP796-01-A (548),,03/04/2023,80790
BKX774-01-B (318),Male,01/19/2012,1407
HCW768-01-A (284),Female,06/11/2019,89300
NWH124-01-A (185),Female,04/01/2012,1397
XKM202-01-A (185),Female,06/06/2019,87959
DGF077-01-A (492),Male,03/01/2015,1675
ZZZ654-01-A (538),Female,12/24/2018,81340
QYW809-01-A (175),Male,04/10/2020,81392
YHV034-01-A (515),Female,09/05/2018,85205
CXM978-01-A (581),Male,10/24/2019,81481
ZMC796-01-N (123),Male,11/05/2018,85386
MDH924-01-A (789),Female,01/11/2019,80534
NMT952-01-A (548),Male,09/15/2022,80481
QSH314-01-A (185),Male,10/25/2016,6038
VKQ540-01-A (416),Male,11/20/2018,81224
RCJ118-01-A (822),Male,12/08/2022,89590
VTZ022-01-A (845),Male,11/15/2011,657
XSN254-01-A (713),Male,09/06/2009,375
GVN520-01-A (119),Female,01/15/2010,385
MBT712-01-A (954),Female,03/02/2019,88937
FSP644-01-A (284),Male,04/28/2015,1677
KYL770-01-A (515),,05/20/2023,88562
XTH804-01-A (581),Female,09/14/2018,83581
JWP176-01-A (548),Male,07/06/2016,6009
RWV410-01-A (713),Female,09/11/2013,1588
WLM620-01-A (317),Male,06/21/2022,88281
PGZ646-01-A (614),Male,10/04/2009,354
XTP134-01-A (713),Male,11/05/2019,82210
YNQ580-01-A (746),Female,04/19/2022,88216
SNV833-01-A (746),Male,03/19/2009,219
ZNP996-01-A (109),Female,11/01/2018,84629
VHC022-01-A (690),Male,08/07/2018,85044
SSN886-01-A (911),Female,08/30/2019,81108
LHH651-01-A (789),Female,03/30/2022,84409
WKZ186-01-A (944),Male,01/28/2013,1546
JWF036-01-M (461),Male,07/07/2020,82827
WDT738-01-A (614),Female,08/26/2018,82424
GNX879-01-A (746),Male,07/10/2019,89334
KQT735-01-A (548),Female,08/08/2019,89738
MYL231-01-A (317),Male,08/18/2020,89736
NTT798-01-A (143),Female,10/02/2009,361
YQJ784-01-A (812),Male,05/04/2010,448
SGS765-01-A (548),Unknown,11/19/2018,82053
HKY684-01-A (515),Female,05/02/2018,81683
WJD831-01-A (186),Male,04/20/2013,1578
CRN594-01-A (218),Female,11/14/2014,1651
ZRD863-01-A (614),Male,05/19/2022,81843
NQS089-01-A (680),Male,05/30/2018,81033
BZP492-01-A (416),Male,11/03/2022,82777
DVY889-01-A (977),Male,07/29/2022,80002
QGS042-01-A (186),Male,05/19/2014,1624
CPH213-01-A (558),Female,10/31/2019,88547
FVG772-01-A (152),Female,05/14/2022,87922
MNT928-01-A (647),Male,10/10/2018,81796
QZD360-01-A (317),Female,09/15/2017,6052
JKF478-01-A (987),Male,02/02/2023,86460
TMZ056-01-A (779),Male,04/05/2019,80895
BWK326-01-A (120),Male,06/07/2018,82628
YLT145-01-M (188),Female,11/14/2011,696
LVN615-01-M (857),Male,02/27/2019,89060
MVH088-01-A (416),Male,12/16/2008,210
FFC134-01-A (228),Female,12/08/2018,84484
WKB507-01-A (153),Male,11/22/2016,6011
KKT953-01-A (416),Male,04/02/2018,82883
RHJ981-01-A (251),Male,10/04/2017,3135
BPD313-01-A (426),Female,11/05/2019,81352
PKS896-01-A (746),,02/22/2023,80631
HZT648-01-A (845),Female,01/26/2010,422
MFH216-01-A (657),Male,08/27/2019,83827
ZKR150-01-A (482),Female,07/02/2018,88031
KLK075-01-A (987),Male,09/13/2022,86883
RGS961-01-A (449),Male,11/06/2008,75
CGZ547-01-A (185),,03/16/2020,82203
KBR593-01-A (153),Female,07/04/2018,81312
SVH828-01-A (680),Female,04/27/2022,85714
CFV428-01-A (954),Male,11/16/2010,557
KRR661-01-A (449),Female,04/15/2010,474
GDY251-01-A (921),Male,08/07/2022,86589
SGF025-01-A (756),Female,04/26/2014,1613
LSF764-01-A (251),Female,08/06/2022,86136
FZB062-01-A (855),Female,12/14/2011,700
SFT216-01-A (251),Female,01/05/2009,229
JHV440-01-A (153),Male,03/01/2022,87316
RLB023-01-A (690),Male,12/23/2021,86888
PTK794-01-A (680),Male,03/04/2009,277
VKK299-01-A (581),Female,12/05/2018,86331
YHX112-01-A (482),Female,12/10/2016,6032
PDV195-01-A (350),Female,07/15/2011,584
DPG728-01-A (921),Male,11/06/2019,84701
JHR422-01-A (921),Male,01/12/2019,89388
RPS818-01-A (779),Male,02/01/2017,2131
MSF514-01-A (153),Male,09/23/2008,59
FZH553-01-A (218),Female,10/23/2019,80004
QHT750-01-A (350),Female,09/08/2009,355
YFC067-01-A (120),Female,11/15/2022,89118
QWW532-01-A (878),Female,06/07/2023,82725
GZY382-01-A (812),Male,01/25/2019,85392
RDX008-01-A (251),Male,09/18/2018,82644
BNB650-01-A (426),Female,01/18/2019,82249
NKQ202-01-A (987),Female,01/16/2022,81163
DYD065-01-A (921),Female,09/10/2011,636
QWT012-01-A (548),Male,09/28/2012,1551
ZYL074-01-A (911),Male,02/10/2019,81398
LVR036-01-A (482),Male,03/19/2019,85605
HWS510-01-A (317),Female,07/09/2021,88470
TZR465-01-A (176),Male,12/17/2022,81242
GHC234-01-A (360),Female,11/20/2018,83444
LBG473-01-A (624),Female,09/06/2020,83556
CKH175-01-A (624),Unknown,09/16/2019,81096
NCF401-01-M (801),Male,08/12/2016,3015
LFW850-01-A (251),Male,03/18/2022,85037
XSM261-01-A (614),Female,04/08/2021,80514
KDH192-01-A (624),Female,02/18/2020,86974
LWB611-01-A (954),Male,02/25/2019,89709
ZKX281-01-A (845),Male,06/01/2023,82798
CGT416-01-A (822),Female,10/17/2013,1567
TVZ168-01-A (208),Male,03/25/2022,89168
PZP220-01-A (515),Male,11/21/2022,85519
DVD480-01-A (855),Male,05/02/2018,80660
GBB029-01-A (195),Unknown,10/04/2018,87624
YML925-01-A (647),,05/12/2023,86225
KNP833-01-A (284),Female,07/12/2016,6025
NDX702-01-A (152),Male,04/05/2023,86172
SJJ920-01-A (119),Female,11/24/2018,81560
MCC047-01-A (459),Female,09/13/2018,89985
FWL830-01-A (185),Male,08/08/2019,88800
YHR839-01-A (812),Male,03/22/2019,85551
PPM461-01-A (317),Male,12/25/2019,80447
WTX564-01-A (175),Male,02/12/2019,83555
GWM598-01-A (614),Female,10/29/2019,83891
VCT498-01-A (647),Female,02/13/2023,83479
QWG775-01-A (647),Female,02/08/2019,80003
ZHX342-01-A (680),Male,04/06/2022,84090
VRZ404-01-A (911),,09/16/2022,87297
GHR496-01-A (185),Female,10/26/2018,89940
LVS841-01-A (647),Male,05/09/2019,81999
YWV134-01-A (143),Male,03/10/2018,89484
YKX813-01-A (845),Female,10/29/2016,6044
QPJ289-01-A (515),Female,09/24/2008,71
VPK831-01-A (482),Female,11/26/2012,1526
GMM374-01-A (120),Female,05/15/2020,87145
PCG681-01-A (822),Male,11/13/2019,84154
QPP709-01-A (614),Female,12/26/2018,81206
QKS362-01-A (383),Female,03/06/2020,81274
CFD249-01-A (393),Male,03/16/2022,88394
PCF029-01-A (657),Male,04/14/2022,87755
XFQ902-01-A (383),Female,12/10/2009,367
YNZ000-01-A (614),Male,12/16/2015,1704
VLJ473-01-A (383),,05/05/2023,80803
LRZ988-01-A (142),Male,01/06/2022,87597
SKR563-01-A (515),Female,01/06/2019,85221
KDL739-01-A (987),Male,11/06/2018,87652
PBC879-01-A (954),Female,11/13/2019,86170
BTK197-01-A (119),Female,05/23/2017,3103
KCV983-01-A (317),Female,06/24/2021,80070
KRT349-01-A (614),Female,08/13/2020,87341
BRC337-01-A (657),Male,05/30/2019,89653
VSH940-01-A (515),Male,12/04/2018,84697
RQS085-01-A (680),Female,09/09/2021,80752
YNX617-01-A (110),Female,09/29/2016,3030
WRJ940-01-A (581),Male,01/13/2019,86670
QYX215-01-A (911),Female,06/24/2020,86351
VPM317-01-A (515),Male,05/03/2022,88684
LMQ766-01-A (482),Male,09/15/2016,3018
KKR431-01-A (153),Male,09/08/2019,84454
RYR656-01-A (143),Female,12/22/2018,82219
NXR556-01-A (845),Male,04/26/2013,1579
ZTS569-01-A (274),Female,11/01/2022,88390
FMB032-01-A (327),Female,04/28/2012,1365
TZM355-01-A (845),Male,11/04/2020,86724
XFK783-01-A (416),Male,04/25/2020,89891
SSF975-01-A (614),Female,06/13/2010,482
RNQ476-01-A (647),Female,06/18/2019,88438
SDB837-01-A (888),Male,02/16/2010,432
VZS882-01-A (274),Female,12/15/2019,83953
RHT150-01-A (185),Male,02/19/2022,87089
FNC054-01-A (525),Female,10/11/2022,86836
DVX363-01-A (515),Male,01/23/2019,85608
CDR429-01-A (789),Female,05/22/2020,87340
DMR727-01-N (594),Male,10/12/2018,87424
YTC168-01-A (548),Female,01/28/2019,84341
JNB114-01-M (933),Female,08/31/2016,3058
BQS209-01-A (186),Male,03/02/2020,84580
NDN427-01-A (954),Male,01/12/2019,86330
NDP526-01-A (120),Unknown,10/11/2019,87949
TGY183-01-A (581),Female,12/26/2015,1702
JFB270-01-A (360),Female,02/27/2019,88444
QLS049-01-A (482),Female,12/10/2012,1474
LGT122-01-A (921),Male,04/19/2013,1589
PKM194-01-A (251),Female,10/08/2021,87870
YYJ169-01-A (977),Male,08/03/2015,1661
LJF586-01-A (120),Female,09/26/2018,88223
RZN087-01-A (878),Male,11/07/2011,679
CLL983-01-A (120),Male,09/12/2011,634
YXM745-01-A (143),Male,01/20/2022,84267
YRF653-01-A (548),Male,05/20/2019,89827
MPX858-01-A (911),Female,10/04/2021,81192
PXV115-01-A (746),Male,10/17/2016,3055
LPT526-01-A (482),Female,01/03/2023,89267
VCD048-01-A (822),Male,09/22/2019,88454
HQL715-01-A (119),Male,03/17/2023,80116
WPF867-01-A (647),Male,03/23/2012,541
ZBS601-01-A (251),Male,10/29/2019,84874
WQG034-01-A (251),Female,08/03/2018,82592
KGL651-01-A (855),Male,10/28/2016,2103
GPB696-01-A (987),Female,06/26/2020,87900
HFT023-01-A (756),Female,04/29/2022,88198
DSN848-01-A (350),Female,03/30/2018,83123
WRR836-01-A (977),Male,02/18/2009,222
VXC560-01-A (449),Male,12/21/2018,83284
DXD675-01-A (119),Male,05/17/2022,82063
QLS775-01-A (680),Male,10/26/2022,86365
DDD700-01-A (196),Male,10/12/2022,86911
TLP747-01-A (647),Female,10/10/2018,86716
CLX467-01-A (317),Male,04/16/2016,2006
NVR913-01-A (680),Female,12/17/2021,84469
GHG157-01-A (624),Male,07/20/2010,495
BJV814-01-A (120),Male,07/20/2022,88367
LSZ884-01-A (110),,07/06/2022,82493
YZY972-02-A (604),Male,05/01/2011,566
NKX909-01-A (680),,08/15/2016,6002
VBZ802-01-A (449),Male,10/06/2014,1669
XNV726-01-A (944),Female,05/16/2022,80518
LRP504-01-A (284),Unknown,11/21/2018,82409
VVL844-01-A (845),Female,11/02/2022,88880
MTX365-01-A (812),Female,03/15/2009,290
QHC467-01-A (954),Male,02/26/2019,85466
FKQ423-01-A (888),,12/20/2018,89375
MVC857-01-A (383),,09/17/2018,80919
VRK247-01-A (581),,02/14/2023,88530
FVJ218-01-A (186),Male,08/11/2018,81625
TGT068-01-A (482),,01/19/2023,88088
VLZ486-01-A (143),Male,04/29/2021,88086
FPF111-01-A (492),Male,09/03/2018,86691
FKK329-01-A (855),Male,06/07/2022,86835
NBV813-01-A (119),Male,03/14/2015,1674
JWF036-01-N (495),Male,07/07/2020,82827
SBR746-01-A (317),Male,07/09/2009,331
JBM032-01-A (459),Male,04/04/2020,84188
YFN123-01-A (152),Male,11/17/2018,83066
KQM140-01-A (987),Female,09/12/2022,81780
LQV943-01-A (680),Female,11/20/2016,6030
DHJ053-01-A (459),Female,03/29/2019,80016
VCL006-01-A (888),Male,03/16/2023,85804
WQL709-01-A (713),Male,10/02/2021,82937
VBZ616-01-A (548),Female,04/16/2019,83080
RGV560-01-A (383),Female,03/09/2012,1364
QZD124-01-A (251),Male,03/12/2020,87426
JYP576-02-A (779),Male,06/28/2017,2146
VDW156-01-A (482),Male,03/11/2023,89589
YQL844-01-A (779),Male,05/18/2022,89351
QHS933-01-A (416),Male,03/17/2022,84228
GCT336-01-A (855),Female,08/14/2020,81019
JDH761-01-A (657),Male,10/27/2022,86305
XTV082-01-A (977),Male,12/10/2008,226
RQT437-01-A (746),Female,05/05/2019,81394
PPK451-01-A (218),Male,05/14/2021,80614
BZW650-01-A (515),Female,09/10/2021,82473
WMX146-01-A (812),Male,09/14/2011,632
NGG134-01-A (657),Male,12/23/2018,86375
TWQ362-01-A (812),Male,07/01/2011,493
MBX041-01-A (921),Male,07/25/2018,84834
DSL394-01-A (152),Female,11/10/2011,680
MCK491-01-A (822),Female,09/01/2020,88093
QFZ582-01-A (581),Male,08/10/2012,1391
GMF268-01-A (855),Female,10/25/2011,670
RPG412-01-A (153),Female,04/07/2009,300
XTH200-02-A (284),Female,11/05/2009,384
XNF114-01-A (119),Female,08/29/2022,80198
XXR770-01-A (109),Female,08/18/2016,2010
QLP726-01-A (449),Male,03/13/2019,88832
MMV447-01-A (548),Male,03/07/2012,1423
NGG134-01-N (199),Male,12/23/2018,86375
DKQ647-01-A (186),Male,09/24/2016,3053
KNM839-01-A (383),Male,11/21/2022,86579
XXW639-01-A (406),Male,11/08/2016,3065
HBN403-01-A (492),Male,11/23/2016,2085
RPG520-01-A (153),Male,06/03/2013,1540
PNL438-01-A (350),Female,07/21/2009,322
SRC249-01-A (284),Female,12/27/2021,85328
SXJ131-01-A (383),Male,06/28/2016,3034
NZT852-01-A (944),Male,12/10/2010,554
TYJ533-01-A (647),Male,01/28/2015,1644
NMF407-01-A (921),Female,12/28/2013,1586
JQZ496-01-A (845),Female,03/14/2009,205
RGJ803-01-A (987),Male,09/11/2019,83019
JBS294-01-A (987),Female,11/14/2016,2080
TKH567-01-A (350),Male,08/26/2018,83517
KDX993-01-A (449),Male,10/10/2018,86236
JKL486-01-A (152),Female,03/26/2020,85502
XFC529-01-A (186),Male,11/20/2022,82904
LRS883-01-A (713),Female,02/05/2023,81551
LHN913-01-A (120),Female,10/05/2018,89763
CGC327-01-A (294),Female,09/09/2018,82832
JYX966-01-A (109),Male,05/24/2013,1627
CFG515-01-A (360),Female,09/09/2017,6049
VRS810-01-A (713),Female,04/27/2016,2106
HSJ094-01-A (119),Male,04/22/2022,85910
SHX281-01-A (515),Male,11/21/2018,84126
KJR698-01-A (515),Female,03/03/2022,85137
FJY846-01-A (416),Female,09/26/2010,491
BDM298-01-A (723),Male,08/22/2012,1371
HQX076-01-A (515),Male,09/27/2019,82064
QGX254-01-A (416),Male,01/18/2023,80438
MXJ950-01-A (482),Female,04/07/2022,86576
XFJ079-01-A (317),Female,09/06/2019,81435
GPM981-01-A (251),Female,03/06/2009,250
LNX755-01-A (680),Female,05/12/2019,84906
MQM950-01-A (350),Female,10/12/2009,379
PGR594-01-A (416),Male,08/28/2017,3131
ZRF252-01-A (416),Male,10/16/2022,83078
BRZ629-01-A (548),Female,12/16/2010,540
ZPB972-01-A (515),Female,04/26/2020,80089
QNB666-01-A (152),Female,02/20/2021,85612
BKK569-01-A (921),Male,07/11/2018,86746
FXT814-01-A (548),Female,06/13/2019,86892
PQB272-01-A (987),Female,06/06/2009,243
WDC372-01-A (855),Male,12/21/2022,83279
MMK829-01-A (317),Female,12/05/2021,84743
WDB499-01-A (152),Female,06/02/2018,88971
RNV741-01-A (647),Male,09/04/2009,362
FDB213-01-A (163),Female,06/15/2018,88282
HMW315-01-A (218),Male,05/17/2010,451
JQF218-01-A (921),Male,07/01/2014,1631
VWW669-01-A (406),,08/15/2009,316
CHL989-01-A (186),Female,04/30/2019,80568
NFK721-01-A (822),Female,03/03/2019,87295
HTW595-01-A (779),Male,04/28/2023,84157
FKD843-01-A (657),Male,09/21/2012,1394
GVV323-01-A (416),Male,02/09/2022,80392
MJT360-01-A (185),Male,02/19/2019,82553
DDM056-01-A (525),Female,11/14/2018,87642
HHL079-01-A (921),Female,12/03/2019,82517
FWH545-01-A (152),Male,08/28/2012,1362
HYR589-01-A (878),Female,03/08/2020,83036
WDM136-01-A (119),Male,02/13/2022,88485
ZMG778-01-A (713),Male,09/12/2011,580
LQV674-01-A (713),Female,05/18/2023,81871
MBD610-01-A (327),Female,09/26/2018,88745
DDF581-01-A (393),Female,08/02/2022,89253
FCP851-01-A (756),Male,01/03/2019,84504
TVD275-01-A (449),Female,03/06/2020,89140
JVV990-01-A (845),Female,08/06/2019,82160
RBR931-01-A (152),Female,04/22/2010,409
BQP847-01-A (251),Female,05/16/2020,80680
XKV703-01-A (680),Female,06/25/2022,81674
VZB638-01-A (680),Female,11/11/2009,377
MWD605-01-A (152),Female,11/08/2019,88758
BPQ270-01-A (921),Male,09/17/2022,83359
LJD486-01-A (921),Female,10/16/2022,88191
JLV088-01-A (449),Female,08/30/2021,86164
YLV944-01-A (977),Female,12/18/2016,6022
TXR417-01-A (911),Female,03/24/2012,682
YWZ475-01-A (439),Male,08/15/2021,83613
ZCR636-01-A (515),Female,02/19/2022,83657
HRV745-01-A (581),Unknown,10/13/2018,80845
YQB743-01-A (383),Female,11/09/2016,2102
KFK411-01-A (591),Female,04/06/2019,82045
MYN399-01-A (878),Female,09/05/2022,86431
CBL718-01-A (558),Male,09/23/2018,81904
QFN151-01-A (921),Female,03/03/2019,89529
JNK002-01-A (690),Female,10/08/2011,631
KPZ610-01-A (449),,04/07/2019,86461
CJT350-01-A (822),Female,03/19/2009,246
XXP126-01-A (878),Female,05/28/2019,81655
QKD202-02-A (690),Female,09/02/2017,3134
BVM968-01-A (449),Male,01/29/2019,86440
YLJ301-01-A (152),Female,02/12/2020,83310
LXZ510-01-A (713),Male,03/28/2020,82540
THL624-01-A (185),Male,06/21/2010,484
SYJ996-01-N (485),Female,03/10/2017,6047
PVJ790-01-A (581),Male,03/11/2020,84078
FTC064-01-A (756),Female,06/03/2013,1591
LWQ253-01-A (515),Male,02/19/2020,84729
LSW678-01-A (944),Female,09/30/2012,1481
JSN109-01-A (218),Female,02/18/2020,87618
KHJ153-01-A (723),Female,05/24/2019,89627
VRN902-01-A (614),,05/01/2023,86687
WQP768-01-A (110),Female,09/13/2009,433
TTQ883-01-A (977),Female,12/21/2018,88641
THH375-01-A (152),Female,05/05/2021,84865
NJW296-01-A (581),Male,02/17/2022,89431
BKH369-01-A (756),Female,11/15/2018,84646
VKV453-01-A (680),Female,12/30/2022,85649
GWM876-01-M (989),Male,02/07/2019,80370
NLF384-01-A (120),Male,10/03/2020,87257
KZT613-01-A (680),Female,09/12/2011,627
KZC694-01-A (416),Female,11/12/2018,87534
JCL917-01-A (855),Female,03/21/2019,88550
ZNT549-01-A (143),Male,03/23/2013,1580
TQW013-01-A (581),Female,10/28/2013,1572
MDT169-01-A (218),Female,02/25/2019,86743
LGF333-01-A (591),Female,04/30/2020,85196
MNN095-01-A (284),Male,03/01/2019,85103
HVJ715-01-A (218),Female,09/01/2020,85821
54jpojzH4AVzTJoPD,,,
RTL925-01-A (647),Male,01/17/2019,87021
SPS045-01-A (548),Male,02/23/2010,415
LVN615-01-N (891),Male,02/27/2019,89060
KJX621-01-A (251),Male,09/04/2018,80838
ZSB509-01-A (482),Male,01/18/2013,1527
LJM640-01-A (954),Female,06/25/2011,575
DMJ547-01-A (888),Male,01/01/2019,88938
LTR526-01-A (548),,05/08/2023,84572
GVZ238-01-A (713),Female,06/21/2018,85388
CPT099-01-A (350),Male,05/21/2012,1392
VKG640-01-A (119),,05/23/2023,84372
FVG772-01-N (594),Female,05/14/2022,87922
XJC162-01-A (987),Male,06/08/2021,86190
PND524-01-A (954),Male,05/10/2019,86730
FVN126-01-A (152),Male,01/03/2022,82238
LNQ977-01-A (647),Female,07/27/2018,85389
HHL453-01-A (789),Female,06/07/2012,1381
KSF052-01-A (888),Female,11/02/2018,82523
WGQ246-01-A (416),Female,08/10/2016,6012
XRZ528-01-A (208),Male,09/09/2010,502
YYL995-01-A (274),Female,04/20/2009,235
WHB247-01-A (987),Female,11/19/2018,88603
BFG480-01-A (360),Male,02/06/2020,82599
LYY018-01-A (812),Female,08/29/2018,87356
MMK311-01-N (297),Male,12/29/2021,83143
PYK212-01-A (350),Male,10/27/2022,85266
FCQ335-01-A (690),Female,08/23/2018,80096
SBY793-01-A (614),Male,02/18/2019,89166
CXR904-01-A (383),Male,10/15/2018,85890
WYG561-01-A (680),Female,07/29/2019,84280
TFX572-01-A (581),Male,12/17/2014,1632
BNH325-01-A (591),Male,12/13/2022,83357
RYL982-01-A (911),Male,03/16/2013,1488
PPV210-01-A (350),Female,08/02/2017,3112
XKF860-01-A (284),Male,06/15/2011,576
GCW956-01-A (218),Female,12/28/2008,216
DCC035-01-A (163),Female,09/19/2019,86674
TZC873-01-A (680),Male,11/22/2022,81324
DJV276-01-A (152),Male,10/02/2016,2055
LDR942-01-A (186),Male,08/20/2019,82410
BGB558-01-A (426),Female,09/10/2016,3009
BLQ684-01-A (186),Female,11/16/2021,83239
JCR488-01-A (152),Male,11/14/2018,81991
SYJ996-01-M (451),Male,03/10/2017,6047
MQJ796-01-N (957),Male,04/12/2013,1514
RMW265-01-A (680),Female,11/07/2018,88980
TGD969-01-A (284),Male,11/28/2012,1525
KXD326-01-A (119),Female,08/12/2018,87889
GTS933-01-A (482),Male,10/03/2019,88838
TKX611-01-A (548),Male,06/22/2022,89339
RYF448-01-A (614),Male,03/16/2020,86168
KJL977-01-A (317),Male,06/05/2022,89825
KJJ524-01-N (297),Female,10/09/2019,84501
FVG235-01-A (954),Male,07/12/2012,1411
DVB445-01-A (822),Male,12/18/2014,1643
TCJ679-01-A (284),Male,06/03/2020,89973
VLD311-01-A (888),Female,04/15/2022,85852
JNT771-01-A (416),Male,02/08/2013,1513
GSC827-01-A (987),Female,01/31/2020,83960
FPM189-01-A (218),Female,10/10/2012,1472
ZRX606-01-A (109),Female,09/14/2008,62
QLL658-01-A (449),Female,11/05/2018,85050
MPQ946-01-A (614),Male,07/04/2018,87491
JZM828-01-A (680),Female,04/26/2009,318
KZP212-01-A (383),Male,10/03/2018,83183
TWB870-01-A (449),Male,06/22/2016,3040
KPV565-01-A (614),Female,07/03/2010,467
NCT880-01-A (218),Female,08/10/2010,476
BLQ170-01-A (756),Male,05/26/2018,80916
HJC838-01-A (789),Female,12/22/2016,2011
VVC703-01-A (350),Male,12/03/2018,84804
GJC502-01-A (360),Male,08/31/2015,1563
WYZ100-01-A (944),Male,01/11/2014,1561
KXM125-01-A (317),Female,06/28/2016,6000
SBY066-01-A (383),Male,08/31/2019,81453
PRT334-01-A (581),Female,02/14/2019,80818
VXF127-01-A (515),Female,01/17/2020,88181
JTC719-01-A (119),Male,07/04/2014,1605
MFB544-01-A (591),Female,01/02/2019,86928
SBB700-01-A (459),Female,03/09/2020,80205
CVD069-01-A (921),Male,01/26/2018,87069
GLZ418-01-A (383),Male,06/29/2018,83172
FYF019-01-A (120),Female,12/31/2021,84768
QYF906-01-A (548),Female,11/21/2018,89382
SPR662-01-A (680),Male,08/14/2016,3003
HJC087-01-A (657),Male,12/28/2009,408
GYQ941-01-A (548),Female,09/01/2019,82123
HPD542-01-A (756),Female,10/13/2018,83195
NRK487-01-A (515),Male,10/30/2019,85535
HYF628-01-A (284),Male,02/23/2023,81331
SXZ167-01-A (208),Male,09/10/2022,81967
CWR588-01-A (614),Male,10/24/2018,82197
KVH799-01-A (647),Male,06/20/2011,623
STG473-01-A (449),Female,03/20/2020,83490
YTT025-01-A (845),Female,02/11/2022,82157
JRR728-01-A (548),Male,06/19/2019,81520
WMJ798-01-A (779),Male,12/13/2018,84018
QNX355-01-N (155),,01/13/2020,85668
JVX699-01-A (109),Female,10/10/2013,1574
LHC128-01-A (591),Male,09/18/2018,85218
ZQV369-01-A (208),Male,11/18/2011,667
QFY319-01-M (890),Female,07/10/2017,3110
MCB884-01-A (723),Female,12/03/2018,86031
QDK745-01-A (153),Female,10/05/2012,1483
MMK311-01-A (855),Male,12/29/2021,83143
TDY935-01-A (647),Male,07/19/2018,81216
SXX873-01-A (274),Male,08/26/2019,84422
CXF187-01-A (186),Female,02/26/2022,81011
HBZ526-01-A (186),Male,12/15/2018,89603
PYM198-01-A (845),Female,11/08/2022,82179
DBH880-01-A (459),Male,05/01/2018,82622
TFH187-01-A (119),Male,05/21/2019,83667
GDC233-01-A (195),Female,02/16/2020,87673
JJY773-01-A (515),Male,03/04/2019,88501
BWP576-01-A (416),Female,01/17/2019,81399
HSX501-01-A (350),Female,10/10/2019,87205
WZT929-01-A (406),Female,03/26/2020,80115
ZND119-01-A (284),Male,09/27/2016,3031
CSN635-01-M (527),Male,08/06/2018,87430
LSV600-01-A (416),Female,05/26/2009,329
JMR655-01-A (350),Female,06/12/2015,1683
HYH412-01-A (153),Male,02/22/2022,81509
TFM445-01-N (627),Female,04/30/2019,83596
ZZV570-01-A (307),Female,04/17/2015,1656
LCS856-01-A (218),Male,02/13/2019,82784
TZT229-01-A (176),Female,02/23/2020,82542
ZHY092-01-A (779),Female,10/06/2011,671
GSW122-01-A (251),Female,05/02/2010,466
LGP636-01-A (119),Male,03/11/2022,84261
WFQ698-01-A (746),Male,01/05/2023,89061
MNK096-01-A (218),Female,04/06/2019,82854
YPG925-01-A (581),Unknown,10/20/2019,86438
JFS363-01-N (462),Female,12/25/2021,87195
GPK424-01-A (921),Female,05/31/2019,86085
VXC743-01-A (548),Male,10/26/2016,3056
KPH191-01-A (987),Male,04/08/2019,87729
HGX059-01-A (218),Male,06/26/2014,1671
PZC518-01-A (416),Female,05/09/2011,586
ZSD451-01-A (416),,09/22/2020,81299
CSQ415-01-A (186),Female,10/21/2016,3067
XTH200-01-A (251),Female,12/11/2008,207
MGY416-01-A (317),Male,03/03/2019,86714
QQV521-01-A (581),Male,03/05/2020,83327
LSK283-01-A (284),Female,03/06/2022,81790
CPN600-01-A (756),Female,06/18/2022,81086
HFR891-01-N (561),Female,03/04/2021,82248
LFK914-01-A (888),Male,09/04/2019,84980
JPZ424-01-A (515),Female,07/31/2016,6007
MPQ705-01-A (383),,06/06/2019,81335
TTK443-01-A (515),Female,05/17/2018,89305
QTN450-01-A (449),Male,02/11/2022,81069
KYC268-01-A (284),Female,06/25/2018,89469
ZQT032-01-A (713),Female,09/02/2011,650
CSN635-01-A (119),Female,08/06/2018,87430
ZDZ857-01-A (977),Male,12/22/2018,86970
ZLN940-01-A (614),Female,08/02/2012,1409
PTT116-01-A (581),Male,09/15/2020,87807
LSV069-01-A (713),Male,01/29/2019,89426
ZJK924-01-A (515),Female,01/06/2022,80460
DRW841-01-A (383),Male,06/24/2011,642
FZS147-01-A (548),Male,05/21/2009,294
NRL986-01-A (680),Male,09/22/2013,1600
SCD052-01-A (558),Male,09/14/2018,86744
QQF061-01-A (120),Female,09/01/2021,83413
ZGB387-01-A (218),Male,07/20/2019,85743
DLC442-01-A (426),Male,12/15/2022,86866
CBW928-01-A (120),Female,07/21/2020,87175
NHR264-01-A (185),Female,12/10/2018,83077
FFM865-01-A (921),Female,02/26/2020,83014
LXN959-01-A (878),Female,09/24/2021,89067
MGR560-01-A (186),Male,09/28/2019,87048
VNY903-01-A (878),Male,06/27/2018,81817
DZW338-01-A (680),Male,12/16/2012,1519
ZGQ068-01-A (581),Male,04/08/2022,86246
GTK652-01-A (152),Male,11/06/2008,231
YLG694-01-A (548),Male,04/10/2014,1629
TCL637-01-A (152),Male,03/05/2022,83486
ZVX302-01-A (110),Male,04/19/2019,83858
PRD929-01-A (383),Female,03/13/2018,89268
WYG353-01-A (647),Male,11/20/2011,677
SRT893-01-A (110),Male,02/17/2023,83285
TWK336-01-A (647),Male,03/18/2015,1645
DPZ014-01-A (152),Female,01/27/2019,86138
LFM300-01-A (591),Male,10/21/2019,84934
DKC244-01-A (393),Male,01/18/2012,683
LXZ862-01-A (143),,02/08/2023,84574
HSG480-01-A (987),Male,02/01/2019,81882
LWN054-01-N (825),Male,08/23/2016,3012
GDL520-01-A (459),Male,08/31/2019,82269
BCX189-01-A (120),Unknown,03/06/2019,86983
TWD966-01-A (713),Male,10/09/2018,81594
LWY885-01-A (142),Male,02/20/2019,82340
HHX837-01-A (383),,03/27/2023,81083
TQQ111-01-A (350),Male,09/06/2018,81186
TTQ222-01-A (548),Male,05/16/2019,82491
ZLB466-01-A (317),Female,04/25/2020,85552
YRX265-01-A (109),Female,11/20/2022,82859
MPP246-01-A (350),Male,04/04/2020,87513
MLB799-01-A (185),Male,08/10/2018,86455
TMC569-01-A (317),Male,02/19/2022,83782
TNR204-01-A (383),Female,12/09/2016,2087
CVW990-01-A (647),Male,08/13/2016,2013
NGT839-01-A (482),Male,09/11/2014,1621
5U5dck7IQIiFUNrwz,,,
PWK021-01-A (218),,04/14/2023,82333
TGW467-01-A (680),Male,08/17/2018,86850
BGN675-01-A (822),Male,08/01/2016,2012
RBJ451-01-A (789),Male,09/18/2019,85994
RWR414-01-A (713),Female,12/15/2018,89883
YXL848-01-A (142),Female,02/21/2014,1622
GRG479-01-A (185),Male,02/08/2022,83508
CLQ582-01-A (120),Male,08/24/2018,89270
WPF796-01-A (680),Male,08/23/2012,1389
JSF732-01-A (120),Female,01/04/2012,684
CQP313-01-A (888),Female,01/17/2019,84379
JJV437-01-A (317),Female,09/06/2018,84516
CJJ594-01-A (822),Female,11/14/2018,82501
BQK791-01-A (120),Female,08/06/2018,80152
QYD925-01-A (515),,02/24/2023,84383
YMR370-01-A (647),Female,08/03/2018,84100
PRD366-01-A (218),Female,05/05/2009,278
FHM507-01-A (756),Male,12/29/2009,429
YDC739-01-A (152),Female,12/18/2018,84392
PPJ846-01-A (449),Male,06/23/2019,85984
YCK660-01-N (594),Female,05/01/2018,86570
CPJ264-01-A (822),Male,06/25/2012,1401
CZX247-01-A (647),Female,01/26/2022,85511
JYP178-01-A (680),Female,11/24/2022,82377
XVW921-01-A (142),Male,10/05/2018,82569
ZSX585-01-A (340),Female,02/02/2019,80963
GJB876-01-A (789),Female,01/31/2022,85339
VWP009-01-A (779),Unknown,01/25/2020,87399
PFD674-01-A (888),Female,12/01/2022,88841
VSD269-01-A (515),Female,04/13/2022,87676
SQL850-01-A (482),Male,01/25/2019,80315
WSP794-01-A (143),Male,08/10/2018,87723
JFS363-01-A (120),Male,12/25/2021,87195
JHZ012-01-A (120),Male,11/15/2009,370
ZNG656-01-A (581),Female,11/03/2021,83572
YHG909-01-A (383),Male,10/31/2011,555
ZVQ878-01-A (373),Male,04/14/2023,84285
PXR276-01-A (878),Female,06/13/2019,88060
HXK737-01-A (449),Male,03/08/2023,87180
WSS749-01-A (142),Female,01/16/2020,82677
PLJ955-01-A (350),Female,02/14/2019,85421
QJR562-01-A (383),Male,01/14/2019,82929
LYZ378-01-A (142),Female,07/30/2011,1359
RRP477-01-A (779),Male,05/12/2017,2124
CDK744-01-A (558),Female,12/14/2018,89540
MMY625-01-A (581),Female,04/05/2020,81381
FDS796-01-A (152),Female,06/20/2019,85939
HZK356-01-A (416),Female,03/08/2017,6029
JVW695-01-A (944),Female,01/24/2022,89142
DSX566-01-A (581),Female,11/09/2008,52
MXZ068-01-A (110),Male,08/24/2009,324
LPF804-01-A (987),Male,05/07/2017,2117
PLC384-01-A (987),Male,05/22/2020,86715
SLP742-01-A (449),Male,09/09/2017,3133
KDN612-01-A (723),Male,02/24/2020,82545
QRD285-01-A (251),Female,08/07/2011,622
MQF285-01-A (152),Male,06/25/2019,81654
TTR638-01-A (944),Female,12/29/2018,84354
BRZ410-01-A (152),Male,02/09/2019,84268
SBS453-01-A (185),Female,03/31/2012,669
KVC670-01-A (186),Female,10/26/2019,87414
PHM086-01-A (152),Unknown,07/02/2023,80654
HXN482-01-A (449),Male,04/22/2020,81862
YMS783-01-A (944),Female,01/28/2023,81028
XNX016-01-A (746),Female,03/12/2022,81839
TPJ496-01-A (614),Male,07/26/2019,84851
JZM774-01-A (680),Male,04/17/2012,688
NMN462-01-A (218),Female,12/01/2017,80437
CLY789-01-A (581),Male,05/09/2019,89839
CYT370-01-A (383),Male,11/16/2021,80079
NLN960-01-A (284),Male,09/30/2019,84837
MYY891-01-A (142),Female,04/07/2019,80473
BXV948-01-A (746),Female,04/17/2018,89987
KBQ321-01-A (657),Male,10/02/2021,83415
MFH557-01-A (921),,03/01/2023,88144
FYC899-01-A (449),,10/17/2018,87667
BBX981-01-A (987),,02/17/2023,86979
BVC213-01-A (558),Female,07/22/2021,89690
XMK732-01-A (449),Female,10/09/2016,6021
ZTL361-01-A (713),Male,10/26/2022,81995
FFQ157-01-A (855),Female,08/29/2014,1655
WTN483-01-A (845),Female,04/13/2018,82787
SPX674-01-A (977),Male,09/06/2016,3037
CDD765-01-A (426),Female,10/12/2019,81150
VFR138-01-A (383),Male,05/16/2010,481
WGJ956-01-A (449),Male,03/31/2011,588
XFL163-01-A (185),Female,08/10/2009,339
WKM586-01-A (647),Female,10/31/2013,1593
CZX484-01-A (746),Male,09/25/2018,83921
YXY517-01-A (340),Male,08/29/2009,323
JHX619-01-A (383),Female,10/22/2019,83225
JNM411-01-A (888),Female,04/05/2022,83637
XCN911-01-A (185),Female,09/05/2020,87589
RBV332-01-A (119),Female,11/12/2018,87218
RWP288-01-A (944),Male,06/04/2022,83152
QSC215-01-A (120),Female,04/18/2021,83384
MMH530-01-A (855),Female,02/22/2020,80312
LHD338-01-A (723),Female,10/30/2008,54
JNB114-01-N (967),Female,08/31/2016,3058
BWL980-01-A (251),Male,12/07/2019,87999
SGF025-02-A (789),Male,10/01/2015,1681
DKV284-01-A (152),Female,10/25/2019,89875
NKL839-01-A (350),Female,02/12/2012,1378
TDC851-01-A (822),Female,09/08/2020,81716
SZF435-01-A (548),Female,07/08/2015,1694
CQY789-01-A (746),Female,03/09/2022,83710
GJZ108-01-A (185),Female,08/29/2019,83932
VYG648-01-M (253),Female,03/27/2019,82852
DXC940-01-A (921),Male,06/27/2016,1901
QGJ874-01-A (218),,11/02/2022,88437
PYC246-01-A (317),Male,11/09/2021,88072
DKK048-01-A (723),Male,11/30/2016,2015
BBB555-01-A (162),Female,09/21/2021,86930
MQJ796-01-M (923),Male,04/12/2013,1514
MWL579-01-A (746),Female,02/11/2019,86541
VKF111-01-A (855),Male,09/27/2022,80082
KCB732-01-A (393),Female,03/12/2016,1711
MYL630-01-A (416),Female,08/04/2009,390
TQW993-01-A (142),Male,06/16/2022,80561
SFL447-01-A (185),Female,12/23/2008,60
VBB402-01-A (525),,04/21/2020,83341
PML611-01-A (186),Male,02/12/2022,89367
LLJ706-01-A (120),Female,10/31/2009,366
DGR239-01-A (888),Male,04/06/2016,3021
TMD325-01-A (120),,04/04/2023,89143
HVY011-01-A (350),Male,12/24/2018,85426
GJK710-01-A (657),Female,03/02/2023,85195
LXF284-01-A (317),Male,10/30/2020,89845
DWJ555-01-A (185),Male,08/01/2018,87278
FDT477-01-A (153),Female,11/10/2012,1484
RYB389-01-N (156),Male,11/03/2022,84009
RFV406-01-A (317),Male,09/19/2018,82068
PFJ108-01-A (822),Female,04/25/2022,86824
GCZ225-01-A (954),Male,10/24/2016,2075
MMJ680-01-A (119),Male,11/26/2022,87473
KFZ064-02-A (251),Male,05/09/2010,479
KGZ202-01-A (153),Female,03/11/2020,85603
PHT362-01-A (284),Male,05/23/2018,87882
FMC545-01-A (657),Female,06/21/2023,81126
MXD932-01-A (284),Unknown,06/15/2023,88396
WJQ794-01-A (779),Female,06/28/2019,87923
CLS557-01-A (152),Female,09/15/2009,394
BGL926-01-A (723),Female,04/11/2022,85955
WVW088-01-A (241),Male,08/08/2011,655
PHZ636-01-A (614),Male,03/04/2022,84440
HZM174-01-A (416),Male,08/13/2022,88912
XWH745-01-A (812),Female,07/12/2011,604
YQY826-01-A (208),Female,07/22/2015,1662
JJZ658-01-A (614),Male,02/21/2019,88415
BWR335-02-A (284),Female,09/24/2014,1619
PPK047-01-A (251),Female,07/04/2017,3101
HSV917-01-A (647),Female,05/01/2013,1577
TSN328-01-M (155),Male,10/11/2018,80299
XGT908-01-A (713),Male,06/25/2023,82305
MJJ033-01-A (756),Male,02/06/2019,83772
QTQ022-01-A (383),Female,09/28/2018,89779
SLS348-01-A (614),Female,04/28/2021,84184
HSB243-01-A (723),Male,06/08/2023,84491
PBG796-01-A (120),Male,10/31/2011,653
VDT886-01-A (713),Female,07/10/2022,87357
ZMC796-01-M (989),Male,11/05/2018,85386
QHG535-01-A (954),Male,11/22/2019,85073
FWT291-01-A (482),Female,10/15/2022,89201
NPD652-01-A (120),Female,10/29/2017,3141
HKG602-01-A (591),Male,03/18/2023,82380
YNZ445-01-A (143),Male,12/11/2016,6040
NSY389-01-A (143),Female,08/13/2022,87152
LZJ787-01-A (779),Female,10/29/2021,82726
SJZ725-01-A (746),Female,12/21/2016,5017
QFY319-01-N (924),Female,07/10/2017,3110
RGP420-01-A (120),Female,04/30/2022,88277
GHN653-01-A (888),Female,06/06/2023,87575
WMM065-01-A (449),Male,04/18/2023,80857
XKK645-01-A (482),Female,09/06/2022,82396
GJH140-01-A (459),Male,12/28/2009,425
KPJ294-01-A (185),Female,05/13/2014,1558
GGR945-01-A (119),Female,03/03/2019,86833
BTL873-01-A (185),Female,05/08/2019,84290
BQW274-01-A (284),Female,01/14/2023,85148
LNP424-01-A (185),Female,12/23/2021,81066
HSX545-01-A (614),Male,12/26/2018,85907
NNQ829-01-A (581),Female,03/18/2010,220
PCL267-01-A (987),Female,08/02/2011,614
XSW350-01-A (911),Male,09/04/2018,80522
BBJ428-01-A (393),Male,06/11/2012,1395
GWH817-01-A (251),Female,02/07/2022,85130
DJW803-01-A (153),Male,10/21/2016,3062
RWC339-01-M (824),Male,12/13/2009,426
YRF165-01-A (482),Female,05/03/2013,1477
QNG566-01-A (284),Female,09/09/2019,80789
CVS302-01-A (186),Male,10/20/2022,88372
VQF365-01-A (416),Female,11/16/2022,88909
HQL318-01-A (186),Male,02/22/2023,86923
VWC757-01-A (680),Male,09/23/2019,83625
WXD047-01-A (515),Male,11/16/2018,86043
YVD652-01-A (581),Male,02/27/2022,89333
KFM128-01-A (822),Male,10/25/2019,83306
JHK558-01-A (120),Male,01/25/2019,81890
WTW681-01-A (142),Male,01/20/2019,85110
FYG871-01-A (251),Unknown,01/16/2019,81966
BKG532-01-A (459),,06/23/2023,82443
YSF372-01-A (515),Male,07/07/2018,82996
GKZ718-01-A (449),Male,07/30/2021,80391
FMC953-01-A (756),Male,02/08/2022,85074
TQC990-01-A (383),Female,07/18/2012,1399
NDF394-01-A (789),Male,12/11/2022,85774
FXN765-01-A (515),Female,12/14/2018,84130
QPF716-01-A (218),Male,09/29/2022,80801
STZ858-01-A (307),Male,03/03/2022,85635
VQJ770-01-A (548),Female,05/14/2014,1598
TVM525-01-A (680),Female,07/22/2019,89372
GZP279-01-A (680),Female,07/31/2019,88076
LRP630-01-A (284),Female,01/09/2019,88981
VWY523-01-A (109),Female,03/31/2019,88827
QMW974-01-A (878),Female,11/06/2012,1566
MYL630-02-A (449),Male,05/24/2011,610
NXT011-01-A (449),Male,04/03/2012,1383
HJM928-01-A (119),Male,07/19/2017,3102
XSB156-01-A (350),Male,01/02/2019,89092
TJS459-01-A (680),Female,11/04/2015,1696
PYH842-01-A (548),Female,11/15/2022,82830
DYN462-01-A (284),Male,08/08/2022,83301
ZFW242-01-A (548),Female,05/19/2018,80651
HYN340-01-A (251),Male,01/06/2022,89107
VKY771-01-A (878),Female,10/11/2019,88810
BZV770-01-A (581),Female,01/30/2019,86525
BGN085-01-A (657),Female,10/16/2018,82728
DBV304-01-A (624),Female,01/12/2022,88578
TNZ700-01-A (680),Female,09/11/2016,3008
HNV345-01-A (317),,07/06/2023,88983
LNJ895-01-A (383),Male,06/19/2019,85155
MPX757-01-A (845),Male,11/07/2022,89609
SGY786-01-A (845),Female,10/09/2020,87969
TRL113-01-A (284),Female,04/22/2019,80548
ZQL875-01-A (944),Female,09/30/2011,624
LBM322-01-A (591),Male,12/04/2019,82080
RWC578-01-A (581),Male,02/20/2009,293
FYC718-01-A (119),Female,06/12/2021,87423
HGR753-01-A (153),Male,09/22/2021,87130
QGS155-01-A (251),Male,02/05/2019,83640
XDR789-01-A (779),Female,10/04/2009,369
SVC604-01-A (251),Female,09/06/2020,81807
YXX723-01-A (274),,03/28/2023,84193
NZV696-01-A (208),Female,05/03/2020,82006
JVR784-01-A (746),Male,06/22/2019,89515
TSR068-01-A (812),Male,09/02/2022,81739
DCG792-01-A (525),Male,03/21/2018,80494
HDQ921-01-A (822),Male,08/11/2012,681
GDW843-01-A (186),Male,01/06/2022,81144
FKJ961-01-A (888),Female,03/13/2022,89767
KDC194-02-A (558),Female,03/25/2010,414
CBB425-01-A (163),Female,01/09/2016,1703
HYP683-01-A (647),Female,06/07/2013,1576
GGJ642-01-A (657),Male,03/11/2021,85217
JKZ989-01-A (878),Female,10/09/2018,86701
CLP132-01-A (690),Male,11/24/2009,373
SWZ661-01-A (142),Female,12/15/2021,82509
VCK629-01-A (218),Female,04/04/2019,89194
RWN229-01-A (713),Male,03/18/2020,88518
FQL745-01-A (152),Male,06/30/2022,86243
SPL344-01-A (383),,04/29/2023,86205
JTH529-01-A (251),Female,05/14/2020,85900
HBX436-01-A (120),Male,10/29/2010,512
LYC422-01-A (153),Female,09/01/2022,85643
YDZ239-01-A (746),Female,11/06/2019,84740
MWS026-01-A (548),Female,09/26/2011,613
WKW505-01-A (680),Male,04/14/2019,81400
WMQ658-01-A (845),Female,09/23/2010,528
YSL489-01-A (110),Female,05/14/2009,303
ZSX515-01-A (109),Female,06/23/2009,337
VWM666-01-A (977),Female,02/26/2019,88159
WKR328-01-A (614),Male,02/09/2014,1596
HMP017-01-A (954),Male,08/05/2016,6018
NMV066-01-A (482),Female,04/16/2022,85981
QYQ453-01-A (812),Female,09/06/2019,80248
NNF727-01-A (119),Female,09/20/2018,88358
XYW274-01-A (274),Male,11/15/2016,6013
VMF570-01-A (218),Male,11/20/2018,88304
SCB433-01-A (591),Female,09/18/2013,1583
WFK499-01-A (515),Female,01/15/2013,1544
GRN392-01-A (218),Female,07/20/2009,326
JSS418-01-A (482),Male,03/01/2017,2122
XNR080-01-A (581),Female,02/23/2019,84331
ZNQ676-01-A (977),Male,03/18/2013,1524
MDP207-01-A (855),Female,01/03/2019,84829
YGB645-01-A (186),,03/17/2023,86910
NZV480-01-A (911),,05/21/2023,81177
NRK711-01-A (185),Male,11/02/2016,6003
JWJ589-01-A (614),Female,05/04/2018,85651
XRJ821-01-A (548),Male,05/26/2022,83704
QMG495-01-A (284),Female,11/21/2022,88835
RWP821-01-A (713),Male,08/21/2018,86311
BKV315-01-A (921),Female,03/31/2010,387
JPD695-01-A (119),Male,10/20/2010,547
GFK818-01-A (822),Female,02/16/2023,81250
CYW594-01-A (746),Male,01/17/2022,88581
WYL000-01-A (449),Female,03/27/2018,86250
LVV584-01-A (878),Female,11/13/2008,61
SLL766-01-A (515),Female,10/10/2019,84022
GBC514-01-A (195),Unknown,02/22/2019,83205
JJG836-01-A (921),Male,03/15/2019,81649
MPS476-01-A (614),Female,05/22/2018,83868
TJN635-01-A (383),Male,04/14/2022,81097
GJT772-01-A (218),Male,10/22/2020,88640
LXS632-01-A (647),Male,05/24/2010,435
NGD113-01-A (459),Male,08/17/2020,84933
VRH031-01-A (185),Male,08/22/2018,81052
BYK806-01-A (185),Male,06/19/2019,88090
WWM392-01-A (878),Female,06/28/2009,353
YCK660-01-M (560),Female,05/01/2018,86570
HGZ645-01-A (317),Female,05/16/2019,80775
VBK954-01-A (218),Female,07/20/2019,84270
RGM456-01-A (218),Male,10/07/2016,3019
KQD426-01-A (921),Male,05/24/2022,89304
FNV012-01-A (954),,04/13/2022,81829
KLQ720-01-A (186),Male,11/07/2012,1505
FHJ625-01-A (690),Unknown,12/19/2018,85120
JWV093-01-A (680),Male,07/08/2018,89681
ddqPHj6IlIyCdhp2L,,,
YSS711-01-A (845),Female,08/27/2019,82831
LMD940-01-A (855),Male,02/27/2019,84235
XDF604-01-A (921),Female,02/25/2019,81645
TZP582-01-A (110),Male,03/08/2009,251
XMR094-01-A (713),Male,10/09/2022,80020
STT571-01-A (845),Male,12/28/2008,228
LWH477-01-A (482),Male,08/09/2011,621
RDF384-01-A (888),Female,06/05/2015,1680
YZY972-01-A (571),Male,04/11/2009,252
DNV671-01-A (251),Female,09/25/2016,3051
ZPX220-01-A (779),Female,12/18/2009,405
ZVN905-01-A (977),Female,09/29/2022,80341
JSL354-01-A (218),Male,10/04/2019,85598
WSF841-01-A (482),Female,03/28/2020,84786
NMM502-01-A (120),Male,04/14/2023,84562
GTC904-01-A (888),Female,03/06/2019,81210
NQR938-01-A (746),Male,09/23/2012,1520
DNN269-01-A (186),Female,11/10/2018,85326
WSS824-01-A (944),Male,03/23/2023,80119
VZL474-01-A (944),Male,08/27/2018,87505
XSM651-01-A (713),Female,09/19/2018,88312
NCC675-01-A (723),Female,11/29/2018,81243
PJW576-01-A (680),,03/23/2023,87325
KKJ119-01-A (888),Female,10/26/2012,1426
GZC266-01-A (119),Male,01/08/2022,85495
QQF400-01-A (921),Female,01/24/2023,86737
HKF151-01-A (525),Female,05/12/2011,607
LZF826-01-A (449),Female,04/08/2020,83269
HCV991-01-A (185),Female,02/15/2020,84711
RMX477-01-A (878),Female,09/09/2016,2014
NCC571-01-A (558),Female,01/24/2019,89813
LKY181-01-A (383),Male,10/30/2016,2078
VHR369-01-A (647),Male,02/03/2019,80863
MCH579-01-A (954),Male,02/02/2022,81736
FHM866-01-A (120),Female,05/23/2018,82369
WKW938-01-A (110),Female,04/02/2022,83344
QSP854-01-A (746),Male,04/28/2022,89116
CTK424-01-A (921),,06/30/2022,88563
BBM384-01-A (525),Female,10/13/2013,1573
LWJ992-01-A (614),Female,08/04/2021,82939
LHJ971-01-A (120),Female,12/05/2021,89321
VRR401-01-A (548),Male,11/07/2018,87517
WYN485-01-A (176),Female,09/12/2018,81396
GCW956-02-A (251),Female,09/26/2010,501
BQK029-01-A (822),Female,05/28/2021,84418
SPH896-01-A (647),Female,12/09/2019,86807
NFD610-01-A (492),Female,07/15/2010,483
GBC691-01-A (393),Male,01/04/2019,85616
NPG011-01-A (756),Female,03/14/2017,2118
TKM003-01-A (120),Female,09/03/2010,490
JRJ709-01-A (251),Female,03/10/2022,83707
SND172-01-A (120),Female,09/17/2022,82297
VZB299-01-A (779),Female,05/01/2023,85647
XBB050-01-A (558),Male,01/02/2017,2066
SWW585-01-A (208),Female,10/30/2018,83885
GTV387-01-A (680),Female,09/02/2019,87360
GKK984-01-A (119),Female,03/01/2011,553
PBG543-01-A (690),Male,01/06/2023,88919
FMY849-01-A (614),Female,07/29/2018,81197
FTC406-01-A (756),Female,07/29/2021,80600
NMP108-01-A (185),Male,01/11/2009,218
DHY993-01-A (383),Female,12/19/2008,232
CSK716-01-A (120),Female,02/08/2022,84896
TRL850-01-A (548),Male,01/25/2019,81541
TKS480-01-A (515),Unknown,01/20/2019,86012
SYR005-01-A (680),Male,10/01/2017,3136
TSN328-01-N (189),Female,10/11/2018,80299
DWB641-01-A (789),Male,09/03/2016,2052
YYX721-01-A (241),Female,03/02/2023,89686
DMR727-01-M (560),Male,10/12/2018,87424
SCX053-01-A (251),Male,03/22/2019,81536
DHJ682-01-A (723),Female,07/25/2018,81583
RYJ483-01-A (713),Male,04/13/2020,88733
WYR002-01-A (713),Female,09/08/2016,3020
TXF197-01-A (680),Male,09/01/2016,2050
DFB212-01-A (130),Male,04/16/2022,82024
CSN715-01-A (186),Male,12/05/2022,87656
LSZ581-01-A (812),Female,02/17/2022,85293
QRK467-01-M (956),Male,09/27/2019,84407
NZS903-01-A (812),Female,01/20/2023,84514
WDV681-01-A (581),Female,04/25/2009,295
GFH183-01-N (100),Male,11/17/2011,662
NGX536-01-A (416),Female,07/02/2016,2017
QJZ096-01-A (713),Female,02/15/2022,86673
JNL946-01-A (284),Male,01/18/2023,85780
TFX456-01-A (614),Male,10/10/2015,1693
WGH698-01-A (482),Female,03/20/2023,86406
SNC830-01-A (120),Female,11/02/2021,87139
QFS247-01-A (284),Female,08/23/2019,84131
PHT777-01-A (614),Female,06/09/2009,327
LQT261-01-A (383),Male,03/02/2020,82083
YDG462-01-A (153),Female,07/25/2009,352
PYS199-01-A (176),Female,01/06/2023,87932
XSS540-01-A (812),Female,11/11/2019,86050
MZB982-01-A (449),Female,07/26/2022,84071
GNL964-01-A (185),Female,02/24/2016,1709
LLR444-01-A (251),Female,07/11/2010,492
ZGZ083-01-A (779),Female,12/09/2018,85312
YWL484-01-A (977),Male,11/22/2011,648
LJF332-01-A (657),Male,02/05/2020,87974
CNJ877-01-A (186),Female,08/11/2019,86214
RGQ821-01-A (218),Male,04/17/2020,87063
QYM418-01-A (713),Female,09/22/2012,1470
JSV719-01-A (713),Female,03/27/2020,89980
KFC050-01-A (294),Female,02/01/2023,89095
QTH184-01-A (383),Male,12/20/2018,88103
DHS152-01-A (756),Male,12/19/2022,86315
RWV410-02-A (746),Male,11/22/2015,1707
TSH245-01-A (383),Male,08/13/2012,1404
CSS945-01-A (416),Male,03/11/2022,87856
HQY396-01-A (713),Female,09/10/2017,3132
NKL622-01-A (120),Male,09/05/2016,2026
KBJ755-01-A (789),Female,02/25/2020,80881
DNR821-01-A (120),Male,05/13/2019,87451
YRN695-01-A (110),Female,08/13/2019,82597
FWV853-01-A (680),Male,04/22/2019,83324
LYC152-01-A (153),Female,12/14/2018,88400
QHF682-01-A (120),Male,02/01/2019,80921
SNJ492-01-N (825),Male,08/25/2010,486
GWM876-01-N (123),Male,02/07/2019,80370
JYY848-01-A (109),Male,03/21/2019,80873
JYP576-01-A (746),Male,09/30/2009,389
ZGX188-02-A (944),Male,05/26/2013,1587
ZPR445-01-A (878),Male,04/15/2010,411
NDS399-01-A (383),Male,01/27/2010,427
XDS591-01-A (515),Female,04/27/2021,84260
KRH534-01-A (186),Female,09/27/2021,82433
GBN737-01-A (789),Male,04/05/2018,87178
NBF593-01-A (756),Female,05/31/2022,87204
TXK539-01-A (845),Female,11/12/2021,82149
ZXB359-01-A (746),,12/06/2022,85351
DSB371-01-A (657),Female,12/13/2018,88711
QMT063-01-A (416),Male,06/15/2012,1489
NVB331-01-A (954),Female,09/13/2016,3011
CNC205-01-A (360),Male,11/01/2016,3061
VZN005-01-A (680),Female,04/13/2023,88145
JLM760-01-A (153),Female,04/09/2020,81607
BVM948-01-A (383),Male,10/03/2019,88474
XTR824-01-A (977),Male,12/20/2022,85382
YFL745-01-A (416),Male,02/18/2019,88504
BDY460-01-A (822),Female,11/20/2011,674
MND976-01-A (218),Female,12/24/2021,80301
JKF839-01-A (120),Female,05/24/2019,87968
KSZ066-01-A (713),Female,09/18/2018,86361
LRY608-01-A (746),Female,08/05/2019,88850
VHR109-01-A (383),Male,01/14/2019,87416
KKW154-01-A (284),Male,10/10/2016,3017
DVH471-01-A (987),Female,01/11/2020,89086
TLY185-01-A (812),Male,05/22/2012,1494
QHJ854-01-A (185),Male,04/28/2009,283
TLX734-01-A (779),,11/11/2021,84746
PTQ358-01-A (746),Female,11/20/2018,82918
NMZ310-01-A (350),Male,10/14/2012,1466
MWX430-01-A (680),Male,12/28/2019,84549
QQS037-01-A (548),Male,05/23/2020,81283
FFM260-01-A (558),Female,08/30/2020,81420
RQY432-01-A (746),Male,07/28/2022,88068
XXQ539-01-A (175),Male,01/02/2022,86881
FGB822-01-A (360),Female,11/27/2018,86527
SJM969-01-A (647),Female,07/26/2019,86511
XRM042-01-A (482),Male,05/23/2013,1550
HDZ500-01-A (888),,05/17/2023,87896
KWL832-01-A (416),Female,01/13/2023,82511
MXX962-01-A (143),Female,07/02/2012,1427
PLT854-01-A (614),Female,01/26/2022,84490
TCH588-01-A (185),,08/25/2022,89984
ZJZ484-01-A (143),Female,12/27/2018,84396
TSC574-01-A (383),Female,08/23/2017,3108
YSL869-01-A (176),Male,02/21/2022,83563
YVB489-01-A (779),Female,04/14/2013,1571
VPH498-01-A (680),Male,06/09/2019,88615
VTM039-01-A (680),Female,04/24/2011,558
JJP133-01-A (888),Female,11/08/2016,3059
TGF485-01-A (119),Male,09/16/2009,325
JNN395-01-A (284),Female,10/18/2010,546
VKD953-01-A (251),Female,03/19/2019,82170
RFH084-01-A (921),Female,07/27/2018,84736
RGV560-01-B (417),Female,03/09/2012,1364
CFS382-01-A (822),Male,04/16/2009,245
RYW664-01-A (175),Male,11/02/2016,2108
TPN036-01-A (416),Female,08/08/2020,87785
TNW752-01-A (812),Male,06/25/2019,88308
CLP827-01-A (153),Female,09/01/2018,80078
BBS494-01-A (789),Male,12/14/2022,81281
SGZ226-01-A (515),Male,10/03/2011,672
VCP015-01-A (120),Male,09/19/2019,84417
JBR160-01-A (690),Male,02/21/2020,87339
GHM362-01-A (756),Female,03/28/2020,84525
TKT640-01-A (482),Male,05/01/2023,81960
HLW497-01-A (548),Female,11/15/2021,87831
QTF710-01-A (152),Male,01/04/2023,80501
JYT448-01-A (812),Male,12/11/2022,84178
HFF071-01-A (393),Male,09/29/2014,1668
PRZ511-01-A (680),Male,08/29/2018,82767
MPB969-01-A (284),Female,08/15/2019,89975
GWN222-01-A (119),Male,11/22/2022,85882
QWF984-01-A (680),Male,04/12/2011,589
NTZ108-01-A (746),Male,09/09/2018,80634
RYB389-01-A (614),Male,11/03/2022,84009
ZBR363-01-A (383),Female,07/06/2019,84523
FVG572-01-A (186),Male,09/08/2021,82794
CCS971-01-A (855),Female,04/09/2022,87754
WDS605-01-A (350),Male,01/30/2019,87909
XQD155-01-A (317),Female,10/12/2018,82645
XRG155-01-A (449),Female,10/18/2019,89360
TGG591-01-A (186),Female,09/06/2022,84957
PKH666-01-A (218),,03/21/2019,82173
VLK257-01-A (416),Female,12/29/2018,80188
YMT640-01-A (713),Male,10/22/2021,84058
CDR435-01-A (690),Male,11/20/2009,397
MJR181-01-A (152),Female,12/04/2022,86410
KFZ064-01-A (218),Male,05/18/2009,299
MRK463-01-A (284),Male,12/15/2018,83598
TFM445-01-M (593),Female,04/30/2019,83596
VHH078-01-A (218),Female,08/29/2012,1504
NSS334-01-A (515),Male,09/29/2020,84779
GMK178-01-A (120),Male,08/01/2017,3105
STQ126-01-A (614),Male,08/04/2014,1620
TNQ544-01-A (581),Female,12/27/2018,88032
FSS561-01-A (317),Male,01/06/2019,89815
JZM106-01-A (317),Female,10/19/2016,2111
NJS198-01-A (482),,11/07/2022,87315
ZDJ681-01-A (284),Male,05/02/2019,80442
GZK568-01-A (548),Female,02/07/2019,80541
XDS116-01-A (284),Female,06/18/2022,88343
FGY262-01-N (495),Male,11/20/2018,84542
PQV351-01-A (581),Female,10/27/2009,374
VRS663-01-A (911),Male,09/09/2009,317
LRX422-01-A (515),Female,11/20/2016,2127
HRL028-01-A (153),Female,07/24/2019,89970
CGK997-01-A (987),Female,08/31/2017,3122
RMV727-01-A (746),Male,04/16/2017,2126
CNB505-01-A (426),Female,04/18/2018,88118
DGF778-01-A (756),Male,09/27/2016,3046
THV667-01-A (746),Male,09/08/2009,334
MCF636-01-A (690),Male,10/07/2016,3029
FCW336-01-A (921),Male,10/05/2022,87199
MCV210-01-A (822),Male,02/28/2009,202
DJK313-01-A (525),Female,09/21/2016,3032
KFH643-01-A (723),Male,01/03/2023,80102
YRR036-01-A (779),Male,01/05/2020,84650
FJQ036-01-A (855),Male,10/26/2022,80058
JMJ470-01-A (921),,05/08/2023,84088
GVD078-01-A (153),Female,08/10/2019,89315
WXR674-01-A (175),,12/19/2018,82656
BQF686-01-A (954),Male,12/23/2011,694
YCZ323-01-A (515),Male,02/14/2019,88881
LNN293-01-A (251),Female,12/01/2019,89849
GLF779-01-A (153),Male,07/15/2019,83412
YFG901-01-A (153),Female,04/11/2020,84113
TSG388-01-A (614),Female,12/28/2018,86281
ZNG859-01-A (746),Female,11/13/2018,81513
HDD650-01-A (360),Female,04/26/2011,560
KYL401-01-A (218),Male,10/10/2022,82973
JMJ243-01-A (855),Male,02/22/2009,214
DKQ975-01-A (218),Male,11/30/2012,1523
YML634-01-A (548),Male,08/19/2011,569
FGY262-01-M (461),Male,11/20/2018,84542
KSB861-01-A (120),Female,06/10/2020,80126
QSH933-01-A (416),Male,11/15/2018,81347
QGD233-01-A (657),Male,05/05/2021,80941
TCG434-01-A (822),Female,09/01/2021,85781
KGX944-01-A (416),Male,12/15/2018,89024
DHH526-01-A (558),,11/01/2022,88426
DCP767-01-A (888),Male,03/29/2023,85699
PYC005-01-A (186),Female,09/19/2020,84727
YCG039-01-A (120),Female,09/13/2019,87771
WQX112-01-A (713),Male,09/19/2019,82440
HYQ752-01-A (581),Female,10/03/2011,647
ZQN799-01-A (175),Female,12/16/2018,85832
VKP009-01-A (383),Male,06/13/2012,1377
JGN520-01-A (723),Male,06/21/2019,84175
MHS537-01-A (284),Male,09/24/2020,87776
CVY327-01-A (515),Female,09/06/2018,85131
HSY291-01-A (581),Female,11/01/2022,89363
TKY175-01-A (746),Female,11/10/2018,84796
MRG352-01-A (153),Female,12/19/2012,1533
VPY064-01-A (878),Male,06/23/2017,6048
JLY700-01-A (251),Female,05/29/2018,86099
NYV684-01-A (176),Male,05/01/2019,86607
ZRG154-01-A (482),Male,09/13/2019,86045
CHR545-01-A (888),Male,01/29/2020,83938
CMC548-01-A (657),,06/02/2023,89383
XWJ117-01-A (647),Male,08/14/2011,511
YDW028-01-A (515),Female,11/05/2022,81635
PTF351-01-A (152),Male,10/09/2019,82572
JWD232-01-A (921),Male,07/20/2018,82404
DHM832-01-A (723),Female,03/31/2010,452
GLZ418-01-N (825),Male,06/29/2018,83172
SNJ492-01-M (791),Male,08/25/2010,486
MMN454-01-A (218),Female,09/05/2019,89880
QCR075-01-A (119),Male,08/24/2016,3005
CCD021-01-A (898),Female,05/18/2019,81527
GXN388-01-A (581),Female,01/15/2022,83883
NCF108-01-A (525),Female,09/21/2016,2019
CCY328-01-A (921),Male,10/16/2009,372
DQZ583-01-A (548),Male,10/21/2020,84594
SQP406-01-A (515),Female,01/13/2022,84803
CML844-01-A (921),Male,03/16/2019,89099
GQY605-01-A (449),Male,05/02/2019,88627
XDP115-01-A (152),Male,10/10/2010,538
GHF280-01-A (492),Male,02/16/2023,80194
DCH193-01-A (393),Male,11/30/2010,548
KDC194-01-A (525),Female,03/27/2009,333
XCF121-01-A (690),Female,05/11/2022,85739
MPG530-01-A (921),Male,02/01/2022,84487
ZFP512-01-A (317),Male,10/19/2022,80586
LDF455-01-A (657),Female,10/25/2016,6008
TMB738-01-A (218),Female,03/10/2019,80901
CVW352-01-A (383),Female,09/14/2019,84661
JFG065-01-A (591),Male,06/25/2021,87599
CDC739-01-A (426),Female,11/24/2022,86543
LKN392-01-A (152),Female,11/07/2019,83587
NVR479-01-A (911),Male,06/19/2010,487
CCD218-01-A (162),Female,08/28/2019,80318
VST318-01-A (878),Male,01/31/2010,431
LYJ011-01-A (186),Female,10/29/2008,215
YLV568-01-A (143),Male,08/31/2017,3125
VZB638-02-A (713),Female,11/23/2010,535
QGX524-01-A (416),Male,03/17/2016,1904
SHC658-01-A (186),Female,10/12/2019,84720
MRX335-01-A (647),Male,10/23/2017,3140
GLW750-01-A (251),Male,01/30/2020,80246
RKV062-01-A (416),Male,12/19/2019,85377
MSY822-01-A (746),Female,08/18/2018,83499
YLT145-01-N (122),Female,11/14/2011,696
HFH370-01-A (525),,11/13/2018,82524
PNR468-01-A (647),Male,01/03/2019,85971
LSG800-01-A (987),Female,07/19/2020,88975
FJN710-01-A (723),Male,05/28/2019,80608
LCR073-01-A (888),Female,09/20/2016,3052
NZH802-01-A (383),Male,06/08/2019,80232
FSP032-01-A (987),Female,07/16/2019,81337
KMT190-01-A (251),Female,10/16/2018,84705
KWJ594-01-A (515),Female,05/31/2012,1361
JHY914-01-A (350),Male,11/17/2021,88069
DHX100-01-A (690),Male,06/21/2018,81267
VMG428-01-A (317),Male,08/07/2018,80161
WKM224-01-A (284),Female,04/02/2020,85778
VYG648-01-N (287),Female,03/27/2019,82852
MYL630-03-A (482),Female,08/03/2014,1670
GDZ431-01-A (954),,07/07/2020,85818
TXS292-01-A (977),Male,09/26/2022,84571
NKG127-01-A (855),Male,04/27/2010,470
DNB526-01-A (558),Male,03/26/2020,80371
VXN541-01-A (779),Female,07/14/2019,80668
DJN821-01-A (756),Female,09/28/2022,85698
GTQ632-01-A (284),Female,08/02/2018,80593
CFH453-01-A (426),Female,06/26/2010,465
GBN847-01-A (855),Female,03/17/2020,85916
PDH854-01-A (954),Male,06/14/2012,1380
XSB406-01-A (284),Male,01/20/2019,89567
RNB656-01-A (152),Male,11/27/2017,3139
LPG974-01-A (284),Male,07/04/2016,2100
SDY281-01-A (416),Male,03/30/2011,598
RCH363-01-A (822),Male,07/11/2019,85574
PHN877-01-A (449),Male,11/16/2019,82048
WYB885-01-A (812),Female,03/09/2019,86913
CTD272-01-A (723),Female,09/26/2016,3013
VRK165-01-A (548),Male,07/21/2012,1403
WXG364-01-A (680),Male,02/25/2019,88176
GCP510-02-A (525),Female,06/10/2022,82319
JMV898-01-A (779),Female,05/10/2019,86402
PPC906-01-A (119),Male,09/03/2018,80476
RZR609-01-A (110),Female,03/31/2022,85324
YNG455-01-A (449),Male,03/31/2020,84493
KHX530-01-A (152),Female,12/20/2019,80998
CTB190-01-A (624),Male,02/20/2017,2114
LLB055-01-A (657),Male,04/24/2009,309
CRJ273-01-A (888),Male,11/29/2019,88505
QGL340-01-A (888),Male,07/10/2018,88016
YDP643-01-A (383),Female,09/28/2018,82711
KRY635-01-A (713),Male,01/01/2019,83116
SWX990-01-A (241),,04/12/2023,88289
LHM354-01-A (954),Male,06/23/2021,89178
CPJ239-01-A (888),Male,06/22/2011,600
MPT661-01-A (515),Male,10/19/2019,81636
MSG043-01-A (987),Male,08/27/2009,336
VPN686-01-A (845),Female,08/16/2018,83383
RFT277-01-A (449),Male,01/02/2022,85684
XLZ929-01-A (175),Male,04/24/2020,84827
YDX636-01-A (713),Male,09/06/2018,83448
YDD017-01-A (822),Female,11/01/2021,80842
RWR771-01-A (911),Female,02/18/2012,692
JYP178-01-N (122),Female,11/24/2022,82377
QFF855-01-A (120),Female,05/02/2011,595
LWL799-01-A (845),Male,06/15/2011,568
VMT456-01-A (779),Male,10/25/2010,534
PTN126-01-A (416),Female,09/17/2016,3024
MYC522-01-A (119),Male,07/27/2017,3111
BBD445-01-A (162),Male,10/02/2019,84992
RKN004-01-A (120),Female,11/28/2009,401
JTH938-01-A (383),Male,10/24/2016,3068
VJH812-01-A (152),Male,08/31/2022,86473
TCK376-01-A (119),Female,04/06/2012,1388
XHC521-01-A (888),Female,12/24/2012,1529
SPP048-01-A (548),Female,12/22/2008,209
XMZ967-01-A (274),Female,03/29/2022,86047
WZF119-01-A (647),Female,09/08/2019,85718
MYP897-01-A (143),Female,01/09/2010,453
KFQ955-01-A (218),Male,02/28/2019,83830
KBN221-01-A (525),Male,12/19/2018,80517
KXH001-01-A (921),Male,05/25/2018,86599
BKX426-01-A (186),Male,10/24/2022,84581
NMK742-01-A (152),Female,09/29/2009,356
PDW328-01-A (317),Female,10/04/2011,633
DNX591-01-A (350),Male,09/06/2022,82499
LQG249-01-A (152),Male,02/16/2022,87289
JPX531-01-A (416),Female,11/10/2022,89441
RJV872-01-A (680),Female,03/26/2020,89001
ZMF471-01-A (350),Male,05/18/2019,87189
HJW210-01-A (921),Male,02/20/2022,82177
PRH159-01-A (350),Female,07/15/2018,80280
SBB001-01-A (261),Male,08/21/2017,3127
DPZ842-01-A (449),Male,03/24/2023,89139
RHM011-01-A (822),Female,09/21/2019,81610
HXR599-01-A (878),Female,10/04/2011,666
GMS994-01-A (482),Male,05/06/2010,463
WFB144-01-A (789),Male,04/03/2020,82098
HQB638-01-A (921),Male,01/02/2010,400
PJV833-01-A (515),Male,01/27/2023,89009
XDV108-01-A (416),Female,08/06/2012,1508
JFN132-01-A (657),Unknown,12/28/2018,87674
YWZ529-01-A (439),Female,04/18/2020,82348
JFG039-01-A (624),Male,06/11/2019,80584
WPS748-01-A (110),Female,12/20/2018,85262
MWW431-01-A (680),Female,08/01/2021,88132
CSC443-01-A (657),Female,11/20/2017,3149
QRK467-01-N (990),Female,09/27/2019,84407
GFP154-01-A (756),Male,12/05/2016,5016
NNM264-01-A (218),Male,04/01/2020,88922
NFF107-01-A (591),Male,02/22/2020,87995
QSC726-01-A (251),Male,01/24/2019,88638
BWR335-01-A (251),Male,11/26/2012,1507
YJD781-01-A (284),Female,07/06/2017,3100
RNF922-01-A (152),Female,04/25/2013,1532
JQT482-01-A (482),Male,05/18/2015,1688
TKF822-01-A (186),Female,03/09/2022,88066
RLV585-01-A (779),Female,01/14/2010,428
JTV110-01-A (251),Male,02/14/2022,84714
LKY497-01-A (713),Male,06/14/2009,305
LQY206-01-A (515),Male,01/31/2019,88914
XMH232-01-A (185),Male,01/04/2019,87810
NFN023-01-A (756),Female,05/11/2012,1375
YVL672-01-A (911),Male,08/24/2018,81336
TCS680-01-A (317),Female,12/06/2022,85181
YRR928-01-A (109),Female,10/31/2021,89414
RGC782-01-A (954),Male,06/15/2020,84839
WDS670-01-A (416),Male,08/28/2019,86091
HKQ188-01-A (218),,08/05/2022,84708
ZHQ218-01-A (515),Unknown,11/16/2018,83696
KDS985-01-A (317),Female,01/01/2009,204
CBB634-01-A (129),,08/31/2019,82866
LFJ259-01-A (921),Male,12/25/2018,83393
FYB626-01-A (120),Male,11/15/2010,542
MRP007-01-A (251),Male,11/08/2015,1700
MBS013-01-A (723),Female,05/13/2022,83349
ZGM004-01-A (119),Male,06/06/2013,1517
SYX441-01-A (110),Female,02/19/2012,691
LYM038-01-A (482),Male,10/03/2022,84273
CST265-01-A (284),Male,05/10/2009,276
TGC340-01-A (690),Female,02/07/2022,84534
XTM558-01-A (944),Female,11/22/2022,83409
ZPF284-01-A (515),Female,04/25/2016,3016
CYC581-01-A (954),Male,10/12/2010,509
JMT948-01-A (581),Male,09/05/2012,1492
CBP644-01-A (624),Male,12/08/2022,89255
